<?xml version="1.0" encoding="UTF-8"?>
<project-private xmlns="http://www.netbeans.org/ns/project-private/1">
    <editor-bookmarks xmlns="http://www.netbeans.org/ns/editor-bookmarks/2" lastBookmarkId="0"/>
    <open-files xmlns="http://www.netbeans.org/ns/projectui-open-files/2">
        <group>
            <file>file:/C:/Users/abmhi/Desktop/%20Hotel%20Management/src/EmployeeInfo.java</file>
            <file>file:/C:/Users/abmhi/Desktop/%20Hotel%20Management/src/Add_user.java</file>
            <file>file:/C:/Users/abmhi/Desktop/%20Hotel%20Management/src/RoomBook.java</file>
            <file>file:/C:/Users/abmhi/Desktop/%20Hotel%20Management/src/Table.java</file>
            <file>file:/C:/Users/abmhi/Desktop/%20Hotel%20Management/src/Hotel.java</file>
            <file>file:/C:/Users/abmhi/Desktop/%20Hotel%20Management/src/Employee.java</file>
            <file>file:/C:/Users/abmhi/Desktop/%20Hotel%20Management/src/Customer.java</file>
            <file>file:/C:/Users/abmhi/Desktop/%20Hotel%20Management/src/Homepage.java</file>
            <file>file:/C:/Users/abmhi/Desktop/%20Hotel%20Management/src/Del_user.java</file>
            <file>file:/C:/Users/abmhi/Desktop/%20Hotel%20Management/src/Room.java</file>
            <file>file:/C:/Users/abmhi/Desktop/%20Hotel%20Management/src/Empedit.java</file>
            <file>file:/C:/Users/abmhi/Desktop/%20Hotel%20Management/src/Settings.java</file>
            <file>file:/C:/Users/abmhi/Desktop/%20Hotel%20Management/src/Edit_settings.java</file>
        </group>
    </open-files>
</project-private>
